Label,# Samples,Average,Min,Max,Std. Dev.,Error %,Throughput,Received KB/sec,Sent KB/sec,Avg. Bytes
get-vertex,247389,51,0,15528,199.05,0.000%,274.96435,133.34,52.09,496.6
get-person,247372,25,0,11029,78.97,0.000%,274.99436,118.09,52.10,439.7
traversal,247358,91,2,65058,799.17,0.000%,274.61612,2480.81,102.44,9250.5
get-edge,247309,33,0,7416,101.34,0.000%,274.92707,107.65,52.62,400.9
put-movie,247301,54,0,10924,152.25,0.143%,274.91818,83.73,77.59,311.9
TOTAL,1236729,51,0,65058,379.62,0.029%,1372.79799,2922.60,336.49,2180.0
