Label,# Samples,Average,Min,Max,Std. Dev.,Error %,Throughput,Received KB/sec,Sent KB/sec,Avg. Bytes
get-vertex,183287,466,0,40704,1043.85,0.000%,199.99716,96.99,37.89,496.6
get-person,182992,405,0,40688,936.79,0.000%,199.67701,85.75,37.83,439.7
traversal,182950,519,2,57149,1291.61,0.000%,199.63162,1803.31,74.47,9250.0
get-edge,182829,425,0,40701,1003.27,0.000%,199.50024,78.11,38.19,400.9
put-movie,182715,446,0,40702,1021.08,2.093%,199.37606,60.43,56.27,310.4
TOTAL,914773,452,0,57149,1066.99,0.418%,998.17229,2124.56,244.64,2179.5
