Label,# Samples,Average,Min,Max,Std. Dev.,Error %,Throughput,Received KB/sec,Sent KB/sec,Avg. Bytes
get-vertex,166029,314,0,17009,704.26,0.000%,180.50515,87.53,34.20,496.6
get-person,165938,241,0,18298,548.19,0.000%,181.45335,77.92,34.38,439.7
traversal,165892,353,1,63081,950.39,0.000%,180.35640,1629.16,67.28,9249.8
get-edge,165795,241,0,14467,505.02,0.000%,180.25134,70.58,34.50,400.9
put-movie,165725,279,0,14926,578.55,2.088%,180.17543,54.61,50.85,310.4
TOTAL,829379,286,0,63081,678.11,0.417%,901.69101,1919.34,221.01,2179.7
