Label,# Samples,Average,Min,Max,Std. Dev.,Error %,Throughput,Received KB/sec,Sent KB/sec,Avg. Bytes
get-vertex,198332,213,0,14427,499.07,0.000%,220.52767,106.94,41.78,496.6
get-person,198297,140,0,17697,306.17,0.000%,220.48924,94.68,41.77,439.7
traversal,198250,223,2,48686,755.43,0.000%,213.70723,1930.49,79.72,9250.1
get-edge,198155,145,0,14634,301.74,0.000%,220.33258,86.27,42.17,400.9
put-movie,198062,168,0,12513,374.28,1.402%,220.22941,66.87,62.15,310.9
TOTAL,991096,178,0,48686,479.72,0.280%,1068.36669,2274.41,261.87,2180.0
