Label,# Samples,Average,Min,Max,Std. Dev.,Error %,Throughput,Received KB/sec,Sent KB/sec,Avg. Bytes
get-vertex,143889,666,0,31653,1712.92,0.000%,159.15851,77.18,30.15,496.6
get-person,143724,538,0,30130,1557.67,0.000%,158.97600,68.27,30.12,439.7
traversal,143564,684,1,45744,1838.53,0.000%,157.12000,1419.14,58.61,9248.9
get-edge,143320,590,0,30084,1684.72,0.000%,158.53035,62.07,30.34,401.0
put-movie,143167,609,0,31651,1596.53,2.432%,158.36112,47.96,44.69,310.1
TOTAL,717664,617,0,45744,1681.80,0.485%,785.42755,1671.91,192.49,2179.8
