Label,# Samples,Average,Min,Max,Std. Dev.,Error %,Throughput,Received KB/sec,Sent KB/sec,Avg. Bytes
get-vertex,192842,344,0,17287,792.38,0.000%,213.21112,103.39,40.39,496.6
get-person,192770,277,0,16098,656.44,0.000%,213.11479,91.52,40.38,439.7
traversal,192671,356,2,39812,820.44,0.000%,213.00322,1924.34,79.46,9251.1
get-edge,192558,282,0,16907,668.78,0.000%,212.88018,83.35,40.75,400.9
put-movie,192467,304,0,17257,647.52,2.068%,212.67471,64.46,60.02,310.4
TOTAL,963308,312,0,39812,721.64,0.413%,1064.43931,2265.97,260.89,2179.9
