Label,# Samples,Average,Min,Max,Std. Dev.,Error %,Throughput,Received KB/sec,Sent KB/sec,Avg. Bytes
leitura,308230,1101,0,492331,10726.66,0.618%,325.47600,146.80,61.60,461.8
escrita,307204,1101,0,490980,10820.58,4.138%,324.34909,102.41,85.47,323.3
TOTAL,615434,1101,0,492331,10773.64,2.375%,649.58255,249.11,147.01,392.7
