Label,# Samples,Average,Min,Max,Std. Dev.,Error %,Throughput,Received KB/sec,Sent KB/sec,Avg. Bytes
get-vertex,23708,5890,0,670535,30571.52,3.982%,21.34608,12.14,3.88,582.4
get-person,23625,5123,0,131150,24578.72,3.674%,24.29448,12.36,4.43,521.1
traversal,23415,4772,2,670534,26799.27,3.143%,21.08229,186.00,7.62,9034.5
get-edge,23327,5870,0,670526,33097.32,3.790%,21.00338,9.97,3.87,486.2
put-movie,22727,2761,0,670525,22407.19,2.891%,20.46314,6.98,5.68,349.4
TOTAL,116802,4898,0,670535,27814.19,3.501%,105.16544,225.92,24.93,2199.8
