Label,# Samples,Average,Min,Max,Std. Dev.,Error %,Throughput,Received KB/sec,Sent KB/sec,Avg. Bytes
get-vertex,136613,723,0,43213,2341.68,0.000%,151.05173,73.25,28.62,496.6
get-person,136449,648,0,61474,2318.62,0.000%,150.87073,64.79,28.58,439.7
traversal,136267,771,2,61493,2553.74,0.000%,150.14456,1356.31,56.01,9250.1
get-edge,136138,657,0,61455,2398.61,0.000%,150.52786,58.94,28.81,400.9
put-movie,135956,631,0,51564,2081.62,1.996%,150.32679,45.57,42.43,310.4
TOTAL,681423,686,0,61493,2344.51,0.398%,750.81729,1598.01,184.00,2179.4
