Label,# Samples,Average,Min,Max,Std. Dev.,Error %,Throughput,Received KB/sec,Sent KB/sec,Avg. Bytes
get-vertex,82748,2387,0,2202745,36084.32,1.131%,31.36949,15.96,5.88,520.9
get-person,82574,1760,0,2202743,23875.41,0.953%,31.30351,14.09,5.87,460.8
traversal,82412,2015,2,2202760,29451.12,0.961%,31.24191,280.28,11.54,9186.8
get-edge,82258,1972,0,2202739,30489.42,0.980%,31.18379,12.88,5.91,423.0
put-movie,81780,1517,0,2202746,30467.59,3.018%,31.00253,9.81,8.70,324.0
TOTAL,411772,1931,0,2202760,30326.77,1.406%,156.10025,333.02,37.90,2184.6
