Label,# Samples,Average,Min,Max,Std. Dev.,Error %,Throughput,Received KB/sec,Sent KB/sec,Avg. Bytes
get-vertex,209337,1044,0,558357,12645.91,0.472%,209.42454,103.64,39.49,506.7
get-edge,209276,812,0,558248,9110.60,0.448%,209.36645,84.04,39.89,411.0
put-movie,209268,828,0,558245,8886.02,2.742%,209.35761,65.56,59.03,320.7
patch-person,209262,838,0,558263,9041.58,3.863%,209.35893,65.39,51.50,319.8
TOTAL,837143,881,0,558357,10046.00,1.881%,837.49307,318.62,189.90,389.6
