Label,# Samples,Average,Min,Max,Std. Dev.,Error %,Throughput,Received KB/sec,Sent KB/sec,Avg. Bytes
leitura,440251,851,0,538330,10626.00,0.437%,449.63534,201.27,85.25,458.4
escrita,440069,756,0,538123,8607.08,3.257%,449.45130,140.10,118.66,319.2
TOTAL,880320,803,0,538330,9669.71,1.847%,899.08388,341.37,203.91,388.8
