Label,# Samples,Average,Min,Max,Std. Dev.,Error %,Throughput,Received KB/sec,Sent KB/sec,Avg. Bytes
get-vertex,204685,157,0,24608,690.02,0.000%,225.73128,109.46,42.77,496.6
get-person,204666,78,0,15228,271.76,0.000%,225.71058,96.93,42.76,439.7
traversal,204628,150,1,56952,747.28,0.000%,225.66867,2038.67,84.18,9250.7
get-edge,204563,82,0,23268,283.68,0.000%,225.59798,88.33,43.18,401.0
put-movie,204520,112,0,23281,370.85,0.816%,225.55081,68.58,63.66,311.4
TOTAL,1023062,116,0,56952,516.14,0.163%,1128.25608,2401.97,276.55,2180.0
