Label,# Samples,Average,Min,Max,Std. Dev.,Error %,Throughput,Received KB/sec,Sent KB/sec,Avg. Bytes
read,248711,2404,0,507227,16219.36,1.365%,261.38916,676.02,60.80,2648.3
write,61403,1512,0,507225,13181.91,2.039%,64.59217,20.59,18.11,326.4
TOTAL,310114,2227,0,507227,15668.80,1.498%,325.92220,696.59,78.89,2188.6
