Label,# Samples,Average,Min,Max,Std. Dev.,Error %,Throughput,Received KB/sec,Sent KB/sec,Avg. Bytes
get-vertex,159708,654,0,32885,1616.40,0.000%,177.07655,85.87,33.55,496.6
get-person,159564,510,0,32888,1458.65,0.000%,176.93945,78.79,33.52,456.0
traversal,159472,617,2,70905,1790.36,0.000%,172.16690,1555.24,64.90,9250.1
get-edge,159382,500,0,31956,1246.23,0.000%,176.73862,69.20,33.83,400.9
put-movie,159257,527,0,32878,1232.46,2.426%,176.60079,53.48,43.98,310.1
TOTAL,797383,562,0,70905,1485.86,0.485%,860.74874,1834.77,205.93,2182.8
