Label,# Samples,Average,Min,Max,Std. Dev.,Error %,Throughput,Received KB/sec,Sent KB/sec,Avg. Bytes
get-vertex,168509,436,0,31118,848.58,0.000%,185.02366,89.72,35.05,496.6
get-person,168332,372,0,31365,784.41,0.000%,184.82911,79.37,35.02,439.7
traversal,168235,489,1,91334,1324.57,0.000%,184.66461,1668.17,68.89,9250.3
get-edge,168097,395,0,31371,828.81,0.000%,184.69417,72.32,35.35,401.0
put-movie,168018,414,0,31370,850.73,2.178%,184.48373,55.90,52.07,310.3
TOTAL,841191,421,0,91334,949.57,0.435%,923.33960,1965.34,226.30,2179.6
