Label,# Samples,Average,Min,Max,Std. Dev.,Error %,Throughput,Received KB/sec,Sent KB/sec,Avg. Bytes
get-vertex,100186,1964,2,1236315,23838.17,0.960%,59.95733,30.33,11.08,518.1
get-person,100159,1631,1,131296,12560.14,0.934%,104.19402,46.93,19.25,461.2
traversal,99604,981,6,131148,8056.58,0.382%,118.22981,1065.10,43.59,9225.0
get-edge,99604,2107,0,1236303,27195.29,0.977%,59.61281,24.67,11.13,423.8
put-movie,99186,1142,1,131087,9736.17,0.560%,141.87589,45.11,39.40,325.6
TOTAL,498739,1566,0,1236315,18042.89,0.763%,298.47507,637.87,71.74,2188.4
