Label,# Samples,Average,Min,Max,Std. Dev.,Error %,Throughput,Received KB/sec,Sent KB/sec,Avg. Bytes
get-vertex,102249,1734,1,560254,15584.71,0.943%,104.04111,52.60,19.22,517.7
get-person,102220,1575,1,131307,12435.62,0.915%,107.72201,48.47,19.91,460.8
traversal,101672,946,5,131149,8046.52,0.381%,120.69182,1087.37,44.50,9225.7
get-edge,101672,1777,1,560265,16296.73,0.955%,103.46273,42.76,19.31,423.2
put-movie,101249,1087,1,131084,9569.10,0.542%,147.42910,46.81,40.95,325.1
TOTAL,509062,1424,1,560265,12811.78,0.748%,517.98428,1106.94,124.52,2188.3
