Label,# Samples,Average,Min,Max,Std. Dev.,Error %,Throughput,Received KB/sec,Sent KB/sec,Avg. Bytes
get-vertex,99430,1829,1,662606,17296.80,0.973%,91.78674,46.46,16.95,518.3
get-person,99370,1579,1,131131,12424.03,0.913%,104.89093,47.19,19.39,460.7
traversal,98857,1013,5,131128,8514.51,0.427%,117.56808,1058.79,43.33,9221.9
get-edge,98857,1842,1,662624,17470.25,0.979%,91.26654,37.77,17.03,423.8
put-movie,98430,1105,1,131120,9655.53,0.550%,120.88024,38.41,33.58,325.3
TOTAL,494944,1474,1,662624,13608.75,0.769%,456.89725,976.22,109.81,2187.9
